Date,Content
2020-08-17,https://boxd.it/1iW1kx
2020-08-17,https://boxd.it/1iWTdl
2021-05-05,https://boxd.it/1Q3rDB
2021-08-12,https://boxd.it/1RPkYx
2021-08-12,https://boxd.it/23RTH9
2021-08-22,https://boxd.it/11xt2D
2021-11-05,https://boxd.it/2cqiCj
2021-11-05,https://boxd.it/27oDwx
2021-11-28,https://boxd.it/1YTNyz
2022-01-15,https://boxd.it/2tksGh
2022-01-21,https://boxd.it/2vfj8N
2022-04-23,https://boxd.it/2KaRHH
2022-05-29,https://boxd.it/2ODcPp
2022-08-11,https://boxd.it/1AIC9P
2022-08-11,https://boxd.it/2Iqfgd
2022-12-07,https://boxd.it/1jxa3f
2023-01-07,https://boxd.it/3ySRmn
2023-01-09,https://boxd.it/3EwRah
2023-01-09,https://boxd.it/3CSUBV
2023-02-01,https://boxd.it/3Li1VF
2023-03-14,https://boxd.it/3HTYzL
2023-04-18,https://boxd.it/47EpJl
2023-04-18,https://boxd.it/441DNh
2023-04-29,https://boxd.it/VgjLv
2023-06-03,https://boxd.it/1ge3Et
2023-06-25,https://boxd.it/3mrshv
2023-07-24,https://boxd.it/4zilX7
2023-07-27,https://boxd.it/4hjpjb
2023-09-14,https://boxd.it/6EdmD
2023-09-14,https://boxd.it/4QnXS3
2023-09-16,https://boxd.it/10nDD1
2023-09-16,https://boxd.it/2A1uAP
2023-09-30,https://boxd.it/Shn5
2023-10-04,https://boxd.it/2GhnxP
2023-11-02,https://boxd.it/1YbgJV
2023-11-06,https://boxd.it/57odoL
2023-11-14,https://boxd.it/59AF7b
2023-11-14,https://boxd.it/47oQBr
2023-11-21,https://boxd.it/5aIuZV
2023-11-21,https://boxd.it/5aOIwv
2023-11-21,https://boxd.it/5aBmBR
2023-11-21,https://boxd.it/5b1cIF
2023-11-21,https://boxd.it/5asBkX
2023-11-25,https://boxd.it/5dbHuH
2023-11-25,https://boxd.it/5db0hP
2023-11-28,https://boxd.it/5dYnZ9
2023-12-23,https://boxd.it/2UjZIr
2023-12-23,https://boxd.it/1k6d83
2024-01-02,https://boxd.it/5rRD8x
2024-01-05,https://boxd.it/5u9Fbx
2024-01-07,https://boxd.it/4I7C5P
2024-01-07,https://boxd.it/3avrLf
2024-01-07,https://boxd.it/nwWxj
2024-01-14,https://boxd.it/5m03yj
2024-02-09,https://boxd.it/4JUUVr
2024-02-14,https://boxd.it/5LprO1
2024-02-19,https://boxd.it/5L7OZb
2024-02-19,https://boxd.it/5KAyEl
2024-02-19,https://boxd.it/5Ib1m1
2024-02-19,https://boxd.it/5JLWGX
2024-03-06,https://boxd.it/27oHH5
2024-04-07,https://boxd.it/5Ry6HZ
2024-04-25,https://boxd.it/6iShJZ
2024-12-21,https://boxd.it/86hNgT
2024-12-23,https://boxd.it/87sKy7
2025-01-19,https://boxd.it/8wzW8J
2025-03-03,https://boxd.it/8Xu3mT
2025-05-27,https://boxd.it/9O8RtN
2025-05-29,https://boxd.it/9Q4EWn
2025-06-03,https://boxd.it/9TgrrH
2025-06-29,https://boxd.it/3lNHcb
2025-06-30,https://boxd.it/aa74Ph
2025-07-01,https://boxd.it/aaY7OR
2025-07-07,https://boxd.it/3tjCZ5
2025-07-11,https://boxd.it/ahuKHD
2025-07-22,https://boxd.it/1SEwqJ
2025-07-22,https://boxd.it/aqtmPd
2025-07-31,https://boxd.it/axLaXX
2025-08-02,https://boxd.it/aytcQR
2025-08-03,https://boxd.it/aAcZlH
2025-08-05,https://boxd.it/9vT8DB
2025-08-10,https://boxd.it/932n8Z
2025-08-12,https://boxd.it/aHaEir
2025-08-28,https://boxd.it/9oRctN
2025-11-24,https://boxd.it/2CLzDp
2025-12-10,https://boxd.it/bZ5xtd
2025-12-14,https://boxd.it/blGd8X
2026-01-29,https://boxd.it/cSMJyl
2026-02-07,https://boxd.it/bt0gub
2026-02-07,https://boxd.it/9JoI8D
2026-02-14,https://boxd.it/d7qvpF
2026-02-14,https://boxd.it/d7rFQj
2026-02-19,https://boxd.it/d54Uyv
2026-02-19,https://boxd.it/d0QqqR
2026-02-23,https://boxd.it/dg353t
2026-02-23,https://boxd.it/dfy0Lj
2026-03-15,https://boxd.it/dvOVqD
2026-03-15,https://boxd.it/bb4JuZ
2026-03-16,https://boxd.it/dxdQK3
2026-04-17,https://boxd.it/dZxIMn
2026-04-18,https://boxd.it/dLsWHF
2026-04-20,https://boxd.it/dNSujF
